text,label,dhananjay_events
"Article 92 of the Treaty states: `Save as otherwise provided in this Treaty, any aid granted by a Member State or through State resources in any form whatsoever which distorts or threatens to distort competition by favouring certain undertakings or the production of certain goods shall, in so far as it affects trade between Member States, be incompatible with the common market.'",prem,"[{'entity_group': 'LABEL_0', 'score': np.float32(0.9999565), 'word': 'Article 92', 'start': 0, 'end': 10}, {'entity_group': 'LABEL_1', 'score': np.float32(0.92686945), 'word': ' of', 'start': 10, 'end': 13}, {'entity_group': 'LABEL_0', 'score': np.float32(0.92542887), 'word': ' the Treaty states: `Save as', 'start': 13, 'end': 41}, {'entity_group': 'LABEL_1', 'score': np.float32(0.92296153), 'word': ' otherwise', 'start': 41, 'end': 51}, {'entity_group': 'LABEL_0', 'score': np.float32(0.8847734), 'word': ' provided in this Treaty', 'start': 51, 'end': 75}, {'entity_group': 'LABEL_1', 'score': np.float32(0.99936616), 'word': ', any', 'start': 75, 'end': 80}, {'entity_group': 'LABEL_0', 'score': np.float32(0.962258), 'word': ' aid granted', 'start': 80, 'end': 92}, {'entity_group': 'LABEL_1', 'score': np.float32(0.99841493), 'word': ' by a Member', 'start': 92, 'end': 104}, {'entity_group': 'LABEL_0', 'score': np.float32(0.92579675), 'word': ' State or through State resources in', 'start': 104, 'end': 140}, {'entity_group': 'LABEL_1', 'score': np.float32(0.9994301), 'word': ' any', 'start': 140, 'end': 144}, {'entity_group': 'LABEL_0', 'score': np.float32(0.96914953), 'word': ' form whatsoever which', 'start': 144, 'end': 166}, {'entity_group': 'LABEL_1', 'score': np.float32(0.8682813), 'word': ' distorts or', 'start': 166, 'end': 178}, {'entity_group': 'LABEL_0', 'score': np.float32(0.9910419), 'word': ' threatens to', 'start': 178, 'end': 191}, {'entity_group': 'LABEL_1', 'score': np.float32(0.7849), 'word': ' distort', 'start': 191, 'end': 199}, {'entity_group': 'LABEL_0', 'score': np.float32(0.99991083), 'word': ' competition', 'start': 199, 'end': 211}, {'entity_group': 'LABEL_1', 'score': np.float32(0.7976218), 'word': ' by', 'start': 211, 'end': 214}, {'entity_group': 'LABEL_0', 'score': np.float32(0.9999393), 'word': ' favouring', 'start': 214, 'end': 224}, {'entity_group': 'LABEL_1', 'score': np.float32(0.79493946), 'word': ' certain', 'start': 224, 'end': 232}, {'entity_group': 'LABEL_0', 'score': np.float32(0.99976987), 'word': ' undertakings', 'start': 232, 'end': 245}, {'entity_group': 'LABEL_1', 'score': np.float32(0.50348526), 'word': ' or', 'start': 245, 'end': 248}, {'entity_group': 'LABEL_0', 'score': np.float32(0.9695823), 'word': ' the production of', 'start': 248, 'end': 266}, {'entity_group': 'LABEL_1', 'score': np.float32(0.9285795), 'word': ' certain', 'start': 266, 'end': 274}, {'entity_group': 'LABEL_0', 'score': np.float32(0.9982879), 'word': ' goods shall, in so far', 'start': 274, 'end': 297}, {'entity_group': 'LABEL_1', 'score': np.float32(0.7311924), 'word': ' as it affects', 'start': 297, 'end': 311}, {'entity_group': 'LABEL_0', 'score': np.float32(0.95741504), 'word': ' trade between Member States, be', 'start': 311, 'end': 343}, {'entity_group': 'LABEL_1', 'score': np.float32(0.5614216), 'word': ' incompatible', 'start': 343, 'end': 356}, {'entity_group': 'LABEL_0', 'score': np.float32(0.7538331), 'word': ' with the', 'start': 356, 'end': 365}, {'entity_group': 'LABEL_1', 'score': np.float32(0.56124276), 'word': ' common', 'start': 365, 'end': 372}, {'entity_group': 'LABEL_0', 'score': np.float32(0.9967482), 'word': "" market.'"", 'start': 372, 'end': 381}]"
"So, in order for there to be State aid within the meaning of that provision it is necessary, first, for there to be aid favouring certain undertakings or the production of certain goods and, second, for that advantage to come from the State or State resources.",prem,"[{'entity_group': 'LABEL_0', 'score': np.float32(0.95090723), 'word': 'So,', 'start': 0, 'end': 3}, {'entity_group': 'LABEL_1', 'score': np.float32(0.8185393), 'word': ' in order', 'start': 3, 'end': 12}, {'entity_group': 'LABEL_0', 'score': np.float32(0.9745202), 'word': ' for there to', 'start': 12, 'end': 25}, {'entity_group': 'LABEL_1', 'score': np.float32(0.93523175), 'word': ' be State', 'start': 25, 'end': 34}, {'entity_group': 'LABEL_0', 'score': np.float32(0.9998915), 'word': ' aid within the meaning', 'start': 34, 'end': 57}, {'entity_group': 'LABEL_1', 'score': np.float32(0.8740794), 'word': ' of that', 'start': 57, 'end': 65}, {'entity_group': 'LABEL_0', 'score': np.float32(0.9962591), 'word': ' provision it is necessary, first,', 'start': 65, 'end': 99}, {'entity_group': 'LABEL_1', 'score': np.float32(0.8066163), 'word': ' for', 'start': 99, 'end': 103}, {'entity_group': 'LABEL_0', 'score': np.float32(0.9998339), 'word': ' there to', 'start': 103, 'end': 112}, {'entity_group': 'LABEL_1', 'score': np.float32(0.73249596), 'word': ' be', 'start': 112, 'end': 115}, {'entity_group': 'LABEL_0', 'score': np.float32(0.9999871), 'word': ' aid', 'start': 115, 'end': 119}, {'entity_group': 'LABEL_1', 'score': np.float32(0.99610484), 'word': ' favour', 'start': 119, 'end': 126}, {'entity_group': 'LABEL_0', 'score': np.float32(0.67485857), 'word': 'ing', 'start': 126, 'end': 129}, {'entity_group': 'LABEL_1', 'score': np.float32(0.97502136), 'word': ' certain', 'start': 129, 'end': 137}, {'entity_group': 'LABEL_0', 'score': np.float32(1.0), 'word': ' undertakings', 'start': 137, 'end': 150}, {'entity_group': 'LABEL_1', 'score': np.float32(0.9745413), 'word': ' or the', 'start': 150, 'end': 157}, {'entity_group': 'LABEL_0', 'score': np.float32(0.8887268), 'word': ' production of certain goods and, second, for', 'start': 157, 'end': 202}, {'entity_group': 'LABEL_1', 'score': np.float32(0.7203285), 'word': ' that', 'start': 202, 'end': 207}, {'entity_group': 'LABEL_0', 'score': np.float32(0.9274146), 'word': ' advantage to come', 'start': 207, 'end': 225}, {'entity_group': 'LABEL_1', 'score': np.float32(0.8320197), 'word': ' from the', 'start': 225, 'end': 234}, {'entity_group': 'LABEL_0', 'score': np.float32(0.9999771), 'word': ' State', 'start': 234, 'end': 240}, {'entity_group': 'LABEL_1', 'score': np.float32(0.76800567), 'word': ' or', 'start': 240, 'end': 243}, {'entity_group': 'LABEL_0', 'score': np.float32(0.99966544), 'word': ' State resources.', 'start': 243, 'end': 260}]"
"It follows that if the reasoning in the contested decision to the effect that there was no advantage for the Belgian PMU was correct, the Court of First Instance was right to hold that that was enough in itself to justify the rejection of the complaint, and that it did not need to examine Ladbroke's argument that the Belgian PMU's French revenue came from a compulsory levy provided for under rules of French public law.",prem,"[{'entity_group': 'LABEL_0', 'score': np.float32(0.97882444), 'word': 'It follows that', 'start': 0, 'end': 15}, {'entity_group': 'LABEL_1', 'score': np.float32(0.8668814), 'word': ' if the', 'start': 15, 'end': 22}, {'entity_group': 'LABEL_0', 'score': np.float32(0.8778987), 'word': ' reasoning in', 'start': 22, 'end': 35}, {'entity_group': 'LABEL_1', 'score': np.float32(0.6787898), 'word': ' the contested', 'start': 35, 'end': 49}, {'entity_group': 'LABEL_0', 'score': np.float32(0.9989805), 'word': ' decision to the effect', 'start': 49, 'end': 72}, {'entity_group': 'LABEL_1', 'score': np.float32(0.815146), 'word': ' that', 'start': 72, 'end': 77}, {'entity_group': 'LABEL_0', 'score': np.float32(0.97940725), 'word': ' there was no advantage for the', 'start': 77, 'end': 108}, {'entity_group': 'LABEL_1', 'score': np.float32(0.7689042), 'word': ' Belgian', 'start': 108, 'end': 116}, {'entity_group': 'LABEL_0', 'score': np.float32(0.999848), 'word': ' PMU', 'start': 116, 'end': 120}, {'entity_group': 'LABEL_1', 'score': np.float32(0.8341909), 'word': ' was', 'start': 120, 'end': 124}, {'entity_group': 'LABEL_0', 'score': np.float32(0.9999881), 'word': ' correct,', 'start': 124, 'end': 133}, {'entity_group': 'LABEL_1', 'score': np.float32(0.9148018), 'word': ' the', 'start': 133, 'end': 137}, {'entity_group': 'LABEL_0', 'score': np.float32(0.9342233), 'word': ' Court of', 'start': 137, 'end': 146}, {'entity_group': 'LABEL_1', 'score': np.float32(0.97970164), 'word': ' First', 'start': 146, 'end': 152}, {'entity_group': 'LABEL_0', 'score': np.float32(0.99995947), 'word': ' Instance', 'start': 152, 'end': 161}, {'entity_group': 'LABEL_1', 'score': np.float32(0.9389874), 'word': ' was', 'start': 161, 'end': 165}, {'entity_group': 'LABEL_0', 'score': np.float32(0.9986079), 'word': ' right to', 'start': 165, 'end': 174}, {'entity_group': 'LABEL_1', 'score': np.float32(0.95973396), 'word': ' hold that that', 'start': 174, 'end': 189}, {'entity_group': 'LABEL_0', 'score': np.float32(0.99996984), 'word': ' was enough', 'start': 189, 'end': 200}, {'entity_group': 'LABEL_1', 'score': np.float32(0.64188874), 'word': ' in', 'start': 200, 'end': 203}, {'entity_group': 'LABEL_0', 'score': np.float32(0.99795055), 'word': ' itself to justify', 'start': 203, 'end': 221}, {'entity_group': 'LABEL_1', 'score': np.float32(0.8384918), 'word': ' the', 'start': 221, 'end': 225}, {'entity_group': 'LABEL_0', 'score': np.float32(0.98162764), 'word': ' rejection of the complaint, and that it did not', 'start': 225, 'end': 273}, {'entity_group': 'LABEL_1', 'score': np.float32(0.6689411), 'word': ' need', 'start': 273, 'end': 278}, {'entity_group': 'LABEL_0', 'score': np.float32(0.8262428), 'word': ' to examine', 'start': 278, 'end': 289}, {'entity_group': 'LABEL_1', 'score': np.float32(0.8065911), 'word': "" Ladbroke's argument that the"", 'start': 289, 'end': 318}, {'entity_group': 'LABEL_0', 'score': np.float32(0.99540365), 'word': ' Belgian', 'start': 318, 'end': 326}, {'entity_group': 'LABEL_1', 'score': np.float32(0.8914229), 'word': ' PM', 'start': 326, 'end': 329}, {'entity_group': 'LABEL_0', 'score': np.float32(0.99155307), 'word': ""U'"", 'start': 329, 'end': 331}, {'entity_group': 'LABEL_1', 'score': np.float32(0.92887), 'word': 's French revenue', 'start': 331, 'end': 347}, {'entity_group': 'LABEL_0', 'score': np.float32(0.9866964), 'word': ' came from a', 'start': 347, 'end': 359}, {'entity_group': 'LABEL_1', 'score': np.float32(0.999982), 'word': ' compulsory', 'start': 359, 'end': 370}, {'entity_group': 'LABEL_0', 'score': np.float32(0.94292474), 'word': ' levy provided', 'start': 370, 'end': 384}, {'entity_group': 'LABEL_1', 'score': np.float32(0.9978032), 'word': ' for under', 'start': 384, 'end': 394}, {'entity_group': 'LABEL_0', 'score': np.float32(0.5673547), 'word': ' rules', 'start': 394, 'end': 400}, {'entity_group': 'LABEL_1', 'score': np.float32(0.9511749), 'word': ' of French public', 'start': 400, 'end': 417}, {'entity_group': 'LABEL_0', 'score': np.float32(0.96496135), 'word': ' law', 'start': 417, 'end': 421}, {'entity_group': 'LABEL_1', 'score': np.float32(0.97559947), 'word': '.', 'start': 421, 'end': 422}]"
"Consequently, it has to be considered whether the Court of First Instance was right to accept the reasoning in the contested decision to the effect that there was no treatment favouring the Belgian PMU.",prem,"[{'entity_group': 'LABEL_0', 'score': np.float32(0.9977782), 'word': 'Consequently, it', 'start': 0, 'end': 16}, {'entity_group': 'LABEL_1', 'score': np.float32(0.6337776), 'word': ' has', 'start': 16, 'end': 20}, {'entity_group': 'LABEL_0', 'score': np.float32(0.96927845), 'word': ' to', 'start': 20, 'end': 23}, {'entity_group': 'LABEL_1', 'score': np.float32(0.97016203), 'word': ' be', 'start': 23, 'end': 26}, {'entity_group': 'LABEL_0', 'score': np.float32(0.984257), 'word': ' considered whether', 'start': 26, 'end': 45}, {'entity_group': 'LABEL_1', 'score': np.float32(0.9800239), 'word': ' the', 'start': 45, 'end': 49}, {'entity_group': 'LABEL_0', 'score': np.float32(0.9384128), 'word': ' Court of First Instance was right to accept', 'start': 49, 'end': 93}, {'entity_group': 'LABEL_1', 'score': np.float32(0.67861354), 'word': ' the', 'start': 93, 'end': 97}, {'entity_group': 'LABEL_0', 'score': np.float32(0.9973556), 'word': ' reasoning', 'start': 97, 'end': 107}, {'entity_group': 'LABEL_1', 'score': np.float32(0.88893634), 'word': ' in the contested', 'start': 107, 'end': 124}, {'entity_group': 'LABEL_0', 'score': np.float32(0.9473912), 'word': ' decision to the effect that there was no treatment favouring the Belgian PMU.', 'start': 124, 'end': 202}]"
"Ladbroke challenges the reasoning in paragraphs 59 to 63 of the contested judgment, in which the Court of First Instance did not find fault with the finding in the contested decision that the Belgian PMU was not favoured because its revenue from bets taken in France under the contested agreement was obtained at a rate equivalent to that which it would have received if the bets on Belgian races were taken directly by it in Belgium.",prem,"[{'entity_group': 'LABEL_0', 'score': np.float32(0.9780169), 'word': 'Ladbroke challenges the reasoning in paragraphs 59 to 63 of', 'start': 0, 'end': 59}, {'entity_group': 'LABEL_1', 'score': np.float32(0.93892384), 'word': ' the contested', 'start': 59, 'end': 73}, {'entity_group': 'LABEL_0', 'score': np.float32(0.99999964), 'word': ' judgment', 'start': 73, 'end': 82}, {'entity_group': 'LABEL_1', 'score': np.float32(0.8258337), 'word': ',', 'start': 82, 'end': 83}, {'entity_group': 'LABEL_0', 'score': np.float32(0.5114297), 'word': ' in', 'start': 83, 'end': 86}, {'entity_group': 'LABEL_1', 'score': np.float32(0.73559546), 'word': ' which', 'start': 86, 'end': 92}, {'entity_group': 'LABEL_0', 'score': np.float32(0.9395275), 'word': ' the', 'start': 92, 'end': 96}, {'entity_group': 'LABEL_1', 'score': np.float32(0.9931297), 'word': ' Court', 'start': 96, 'end': 102}, {'entity_group': 'LABEL_0', 'score': np.float32(0.97965527), 'word': ' of', 'start': 102, 'end': 105}, {'entity_group': 'LABEL_1', 'score': np.float32(0.9988704), 'word': ' First Instance', 'start': 105, 'end': 120}, {'entity_group': 'LABEL_0', 'score': np.float32(0.8788755), 'word': ' did not', 'start': 120, 'end': 128}, {'entity_group': 'LABEL_1', 'score': np.float32(0.8628932), 'word': ' find', 'start': 128, 'end': 133}, {'entity_group': 'LABEL_0', 'score': np.float32(0.9275043), 'word': ' fault with', 'start': 133, 'end': 144}, {'entity_group': 'LABEL_1', 'score': np.float32(0.89761806), 'word': ' the', 'start': 144, 'end': 148}, {'entity_group': 'LABEL_0', 'score': np.float32(1.0), 'word': ' finding', 'start': 148, 'end': 156}, {'entity_group': 'LABEL_1', 'score': np.float32(0.57850236), 'word': ' in the', 'start': 156, 'end': 163}, {'entity_group': 'LABEL_0', 'score': np.float32(0.88744897), 'word': ' contested decision that', 'start': 163, 'end': 187}, {'entity_group': 'LABEL_1', 'score': np.float32(0.9849806), 'word': ' the Belgian', 'start': 187, 'end': 199}, {'entity_group': 'LABEL_0', 'score': np.float32(0.99903536), 'word': ' PM', 'start': 199, 'end': 202}, {'entity_group': 'LABEL_1', 'score': np.float32(0.93625885), 'word': 'U', 'start': 202, 'end': 203}, {'entity_group': 'LABEL_0', 'score': np.float32(0.9032906), 'word': ' was not favoured because', 'start': 203, 'end': 228}, {'entity_group': 'LABEL_1', 'score': np.float32(0.9873731), 'word': ' its revenue from bets', 'start': 228, 'end': 250}, {'entity_group': 'LABEL_0', 'score': np.float32(0.7210747), 'word': ' taken', 'start': 250, 'end': 256}, {'entity_group': 'LABEL_1', 'score': np.float32(0.99202037), 'word': ' in France under', 'start': 256, 'end': 272}, {'entity_group': 'LABEL_0', 'score': np.float32(0.86063534), 'word': ' the contested agreement', 'start': 272, 'end': 296}, {'entity_group': 'LABEL_1', 'score': np.float32(0.95723116), 'word': ' was', 'start': 296, 'end': 300}, {'entity_group': 'LABEL_0', 'score': np.float32(0.99995124), 'word': ' obtained', 'start': 300, 'end': 309}, {'entity_group': 'LABEL_1', 'score': np.float32(0.9956886), 'word': ' at', 'start': 309, 'end': 312}, {'entity_group': 'LABEL_0', 'score': np.float32(0.7060694), 'word': ' a', 'start': 312, 'end': 314}, {'entity_group': 'LABEL_1', 'score': np.float32(0.84138435), 'word': ' rate', 'start': 314, 'end': 319}, {'entity_group': 'LABEL_0', 'score': np.float32(0.96130526), 'word': ' equivalent to that which it would have received if the bets on Belgian races were taken directly by it in Belgium.', 'start': 319, 'end': 434}]"
"The Court of First Instance stated, in particular, in paragraphs 60 and 62 of the contested judgment, that a comparison between the rate of revenue realized by the Belgian PMU in France and in Belgium on bets on Belgian races was the appropriate criterion for determining whether the Belgian PMU benefited from an advantage for the purposes of Article 92, since Article 15(3) of Law No 64-1279 established as a general rule that bets on horse-races run abroad were to be subject to the statutory and fiscal levies in force in the country in which the races were organized.",prem,"[{'entity_group': 'LABEL_1', 'score': np.float32(0.997022), 'word': 'The', 'start': 0, 'end': 3}, {'entity_group': 'LABEL_0', 'score': np.float32(0.9613369), 'word': ' Court of First Instance stated, in particular, in paragraphs 60 and 62 of', 'start': 3, 'end': 77}, {'entity_group': 'LABEL_1', 'score': np.float32(0.9918833), 'word': ' the contested', 'start': 77, 'end': 91}, {'entity_group': 'LABEL_0', 'score': np.float32(1.0), 'word': ' judgment', 'start': 91, 'end': 100}, {'entity_group': 'LABEL_1', 'score': np.float32(0.97736895), 'word': ',', 'start': 100, 'end': 101}, {'entity_group': 'LABEL_0', 'score': np.float32(0.857959), 'word': ' that a comparison', 'start': 101, 'end': 119}, {'entity_group': 'LABEL_1', 'score': np.float32(0.99526), 'word': ' between the', 'start': 119, 'end': 131}, {'entity_group': 'LABEL_0', 'score': np.float32(0.89618963), 'word': ' rate', 'start': 131, 'end': 136}, {'entity_group': 'LABEL_1', 'score': np.float32(0.77908486), 'word': ' of revenue', 'start': 136, 'end': 147}, {'entity_group': 'LABEL_0', 'score': np.float32(0.91074777), 'word': ' realized by the Belgian PMU in France and', 'start': 147, 'end': 189}, {'entity_group': 'LABEL_1', 'score': np.float32(0.5459079), 'word': ' in', 'start': 189, 'end': 192}, {'entity_group': 'LABEL_0', 'score': np.float32(0.99996156), 'word': ' Belgium on', 'start': 192, 'end': 203}, {'entity_group': 'LABEL_1', 'score': np.float32(0.9998123), 'word': ' bets', 'start': 203, 'end': 208}, {'entity_group': 'LABEL_0', 'score': np.float32(0.84418386), 'word': ' on Belgian races', 'start': 208, 'end': 225}, {'entity_group': 'LABEL_1', 'score': np.float32(0.9139545), 'word': ' was', 'start': 225, 'end': 229}, {'entity_group': 'LABEL_0', 'score': np.float32(0.9821198), 'word': ' the appropriate criterion for determining whether the Belgian PMU benefited', 'start': 229, 'end': 305}, {'entity_group': 'LABEL_1', 'score': np.float32(0.59743655), 'word': ' from an', 'start': 305, 'end': 313}, {'entity_group': 'LABEL_0', 'score': np.float32(0.94484854), 'word': ' advantage for the purposes of Article', 'start': 313, 'end': 351}, {'entity_group': 'LABEL_1', 'score': np.float32(0.9371069), 'word': ' ', 'start': 351, 'end': 352}, {'entity_group': 'LABEL_0', 'score': np.float32(0.9858576), 'word': '92, since Article', 'start': 352, 'end': 369}, {'entity_group': 'LABEL_1', 'score': np.float32(0.9994942), 'word': ' ', 'start': 369, 'end': 370}, {'entity_group': 'LABEL_0', 'score': np.float32(0.9578774), 'word': '15(3) of', 'start': 370, 'end': 378}, {'entity_group': 'LABEL_1', 'score': np.float32(0.8528546), 'word': ' Law', 'start': 378, 'end': 382}, {'entity_group': 'LABEL_0', 'score': np.float32(0.94661444), 'word': ' No 64', 'start': 382, 'end': 388}, {'entity_group': 'LABEL_1', 'score': np.float32(0.9993813), 'word': '-', 'start': 388, 'end': 389}, {'entity_group': 'LABEL_0', 'score': np.float32(0.93387216), 'word': '127', 'start': 389, 'end': 392}, {'entity_group': 'LABEL_1', 'score': np.float32(0.97387064), 'word': '9', 'start': 392, 'end': 393}, {'entity_group': 'LABEL_0', 'score': np.float32(0.94986916), 'word': ' established as a general rule', 'start': 393, 'end': 423}, {'entity_group': 'LABEL_1', 'score': np.float32(0.98939884), 'word': ' that', 'start': 423, 'end': 428}, {'entity_group': 'LABEL_0', 'score': np.float32(0.96701044), 'word': ' bets on horse-races run abroad were to be subject', 'start': 428, 'end': 478}, {'entity_group': 'LABEL_1', 'score': np.float32(0.98865134), 'word': ' to the statutory and fiscal levies', 'start': 478, 'end': 513}, {'entity_group': 'LABEL_0', 'score': np.float32(0.95126003), 'word': ' in force in the country in which the races were organized', 'start': 513, 'end': 571}, {'entity_group': 'LABEL_1', 'score': np.float32(0.88883513), 'word': '.', 'start': 571, 'end': 572}]"
"According to the Court of First Instance, the way in which the levy on bets on Belgian races is treated in France, whereby the Belgian PMU receives a share of the levy comparable to that which it would receive if the Belgian statutory and fiscal retentions were applied, does not therefore constitute a measure which derogates from the scheme of the general system but on the contrary accords with that general system.",prem,"[{'entity_group': 'LABEL_1', 'score': np.float32(0.66486245), 'word': 'According', 'start': 0, 'end': 9}, {'entity_group': 'LABEL_0', 'score': np.float32(0.97810006), 'word': ' to the Court of First Instance, the way in which the levy', 'start': 9, 'end': 67}, {'entity_group': 'LABEL_1', 'score': np.float32(0.9509268), 'word': ' on', 'start': 67, 'end': 70}, {'entity_group': 'LABEL_0', 'score': np.float32(0.92985237), 'word': ' bets on Belgian races', 'start': 70, 'end': 92}, {'entity_group': 'LABEL_1', 'score': np.float32(0.99394673), 'word': ' is', 'start': 92, 'end': 95}, {'entity_group': 'LABEL_0', 'score': np.float32(0.9999621), 'word': ' treated', 'start': 95, 'end': 103}, {'entity_group': 'LABEL_1', 'score': np.float32(0.9615812), 'word': ' in', 'start': 103, 'end': 106}, {'entity_group': 'LABEL_0', 'score': np.float32(0.99232733), 'word': ' France, whereby the', 'start': 106, 'end': 126}, {'entity_group': 'LABEL_1', 'score': np.float32(0.9137079), 'word': ' Belgian', 'start': 126, 'end': 134}, {'entity_group': 'LABEL_0', 'score': np.float32(0.97123927), 'word': ' PMU', 'start': 134, 'end': 138}, {'entity_group': 'LABEL_1', 'score': np.float32(0.5942117), 'word': ' receives a', 'start': 138, 'end': 149}, {'entity_group': 'LABEL_0', 'score': np.float32(0.9990685), 'word': ' share of the levy', 'start': 149, 'end': 167}, {'entity_group': 'LABEL_1', 'score': np.float32(0.9846731), 'word': ' comparable', 'start': 167, 'end': 178}, {'entity_group': 'LABEL_0', 'score': np.float32(0.99676704), 'word': ' to that which it would receive if the Belgian', 'start': 178, 'end': 224}, {'entity_group': 'LABEL_1', 'score': np.float32(0.8571415), 'word': ' statutory', 'start': 224, 'end': 234}, {'entity_group': 'LABEL_0', 'score': np.float32(0.837214), 'word': ' and fiscal', 'start': 234, 'end': 245}, {'entity_group': 'LABEL_1', 'score': np.float32(0.90746087), 'word': ' retentions were', 'start': 245, 'end': 261}, {'entity_group': 'LABEL_0', 'score': np.float32(0.99998236), 'word': ' applied', 'start': 261, 'end': 269}, {'entity_group': 'LABEL_1', 'score': np.float32(0.7697165), 'word': ',', 'start': 269, 'end': 270}, {'entity_group': 'LABEL_0', 'score': np.float32(0.98893565), 'word': ' does not therefore', 'start': 270, 'end': 289}, {'entity_group': 'LABEL_1', 'score': np.float32(0.7272666), 'word': ' constitute a measure', 'start': 289, 'end': 310}, {'entity_group': 'LABEL_0', 'score': np.float32(0.9929779), 'word': ' which derogates from the scheme', 'start': 310, 'end': 342}, {'entity_group': 'LABEL_1', 'score': np.float32(0.99687934), 'word': ' of', 'start': 342, 'end': 345}, {'entity_group': 'LABEL_0', 'score': np.float32(0.9689566), 'word': ' the', 'start': 345, 'end': 349}, {'entity_group': 'LABEL_1', 'score': np.float32(0.87284994), 'word': ' general', 'start': 349, 'end': 357}, {'entity_group': 'LABEL_0', 'score': np.float32(0.94852865), 'word': ' system but on the contrary accords with that general system.', 'start': 357, 'end': 418}]"
"Ladbroke claims, however, that the comparison should have been between the levies on bets placed in France on non-French races and the levies on bets placed in France on French races.",prem,"[{'entity_group': 'LABEL_0', 'score': np.float32(0.9841542), 'word': 'Ladbroke claims, however', 'start': 0, 'end': 24}, {'entity_group': 'LABEL_1', 'score': np.float32(0.89566344), 'word': ',', 'start': 24, 'end': 25}, {'entity_group': 'LABEL_0', 'score': np.float32(0.93771565), 'word': ' that the', 'start': 25, 'end': 34}, {'entity_group': 'LABEL_1', 'score': np.float32(0.78218156), 'word': ' comparison', 'start': 34, 'end': 45}, {'entity_group': 'LABEL_0', 'score': np.float32(0.9795008), 'word': ' should have been between', 'start': 45, 'end': 70}, {'entity_group': 'LABEL_1', 'score': np.float32(0.8560515), 'word': ' the', 'start': 70, 'end': 74}, {'entity_group': 'LABEL_0', 'score': np.float32(0.87758356), 'word': ' levies', 'start': 74, 'end': 81}, {'entity_group': 'LABEL_1', 'score': np.float32(0.5013098), 'word': ' on', 'start': 81, 'end': 84}, {'entity_group': 'LABEL_0', 'score': np.float32(0.989962), 'word': ' bets placed in France on non-French races and the levies on bets placed in France on French races', 'start': 84, 'end': 182}, {'entity_group': 'LABEL_1', 'score': np.float32(0.53055054), 'word': '.', 'start': 182, 'end': 183}]"
"If a Member State claims to regulate a particular economic activity (by way of taxation or imposition of levies), it must treat all such economic activity equally.",prem,"[{'entity_group': 'LABEL_0', 'score': np.float32(0.95429903), 'word': 'If a Member State claims to', 'start': 0, 'end': 27}, {'entity_group': 'LABEL_1', 'score': np.float32(0.702718), 'word': ' regulate a particular', 'start': 27, 'end': 49}, {'entity_group': 'LABEL_0', 'score': np.float32(0.9989923), 'word': ' economic activity', 'start': 49, 'end': 67}, {'entity_group': 'LABEL_1', 'score': np.float32(0.8451135), 'word': ' (by', 'start': 67, 'end': 71}, {'entity_group': 'LABEL_0', 'score': np.float32(0.87895393), 'word': ' way of taxation', 'start': 71, 'end': 87}, {'entity_group': 'LABEL_1', 'score': np.float32(0.8786382), 'word': ' or imposition of', 'start': 87, 'end': 104}, {'entity_group': 'LABEL_0', 'score': np.float32(0.923053), 'word': ' levies), it must treat all such economic activity equally.', 'start': 104, 'end': 163}]"
"The general system for determining the statutory and fiscal retentions on betting in France should therefore, contrary to the finding of the Court of First Instance, be that established for bets placed in France and not that established by Article 15(3) of Law No 64-1279, of which, moreover, the Belgian PMU is the sole beneficiary.",prem,"[{'entity_group': 'LABEL_1', 'score': np.float32(0.997022), 'word': 'The', 'start': 0, 'end': 3}, {'entity_group': 'LABEL_0', 'score': np.float32(0.9437774), 'word': ' general system for', 'start': 3, 'end': 22}, {'entity_group': 'LABEL_1', 'score': np.float32(0.69740224), 'word': ' determining', 'start': 22, 'end': 34}, {'entity_group': 'LABEL_0', 'score': np.float32(0.9647543), 'word': ' the', 'start': 34, 'end': 38}, {'entity_group': 'LABEL_1', 'score': np.float32(0.96343553), 'word': ' statutory', 'start': 38, 'end': 48}, {'entity_group': 'LABEL_0', 'score': np.float32(0.9976935), 'word': ' and', 'start': 48, 'end': 52}, {'entity_group': 'LABEL_1', 'score': np.float32(0.87830883), 'word': ' fiscal', 'start': 52, 'end': 59}, {'entity_group': 'LABEL_0', 'score': np.float32(0.8712671), 'word': ' retentions', 'start': 59, 'end': 70}, {'entity_group': 'LABEL_1', 'score': np.float32(0.70803756), 'word': ' on', 'start': 70, 'end': 73}, {'entity_group': 'LABEL_0', 'score': np.float32(0.99985003), 'word': ' betting', 'start': 73, 'end': 81}, {'entity_group': 'LABEL_1', 'score': np.float32(0.963764), 'word': ' in', 'start': 81, 'end': 84}, {'entity_group': 'LABEL_0', 'score': np.float32(0.90485245), 'word': ' France should therefore, contrary to', 'start': 84, 'end': 121}, {'entity_group': 'LABEL_1', 'score': np.float32(0.6552264), 'word': ' the', 'start': 121, 'end': 125}, {'entity_group': 'LABEL_0', 'score': np.float32(0.8392168), 'word': ' finding of the Court of', 'start': 125, 'end': 149}, {'entity_group': 'LABEL_1', 'score': np.float32(0.9173961), 'word': ' First', 'start': 149, 'end': 155}, {'entity_group': 'LABEL_0', 'score': np.float32(0.9999422), 'word': ' Instance,', 'start': 155, 'end': 165}, {'entity_group': 'LABEL_1', 'score': np.float32(0.9604598), 'word': ' be', 'start': 165, 'end': 168}, {'entity_group': 'LABEL_0', 'score': np.float32(0.858431), 'word': ' that established', 'start': 168, 'end': 185}, {'entity_group': 'LABEL_1', 'score': np.float32(0.81337553), 'word': ' for', 'start': 185, 'end': 189}, {'entity_group': 'LABEL_0', 'score': np.float32(0.922488), 'word': ' bets placed', 'start': 189, 'end': 201}, {'entity_group': 'LABEL_1', 'score': np.float32(0.85978276), 'word': ' in', 'start': 201, 'end': 204}, {'entity_group': 'LABEL_0', 'score': np.float32(0.9999893), 'word': ' France', 'start': 204, 'end': 211}, {'entity_group': 'LABEL_1', 'score': np.float32(0.93388927), 'word': ' and', 'start': 211, 'end': 215}, {'entity_group': 'LABEL_0', 'score': np.float32(0.9849674), 'word': ' not', 'start': 215, 'end': 219}, {'entity_group': 'LABEL_1', 'score': np.float32(0.794735), 'word': ' that', 'start': 219, 'end': 224}, {'entity_group': 'LABEL_0', 'score': np.float32(0.87807876), 'word': ' established by Article', 'start': 224, 'end': 247}, {'entity_group': 'LABEL_1', 'score': np.float32(0.8921771), 'word': ' 1', 'start': 247, 'end': 249}, {'entity_group': 'LABEL_0', 'score': np.float32(0.99801254), 'word': '5(3', 'start': 249, 'end': 252}, {'entity_group': 'LABEL_1', 'score': np.float32(0.70743936), 'word': ') of', 'start': 252, 'end': 256}, {'entity_group': 'LABEL_0', 'score': np.float32(0.9961295), 'word': ' Law No 64', 'start': 256, 'end': 266}, {'entity_group': 'LABEL_1', 'score': np.float32(0.9504213), 'word': '-', 'start': 266, 'end': 267}, {'entity_group': 'LABEL_0', 'score': np.float32(0.9753007), 'word': '1279', 'start': 267, 'end': 271}, {'entity_group': 'LABEL_1', 'score': np.float32(0.99510646), 'word': ',', 'start': 271, 'end': 272}, {'entity_group': 'LABEL_0', 'score': np.float32(0.99997497), 'word': ' of', 'start': 272, 'end': 275}, {'entity_group': 'LABEL_1', 'score': np.float32(0.96650153), 'word': ' which', 'start': 275, 'end': 281}, {'entity_group': 'LABEL_0', 'score': np.float32(0.97325087), 'word': ', moreover', 'start': 281, 'end': 291}, {'entity_group': 'LABEL_1', 'score': np.float32(0.84461945), 'word': ', the Belgian', 'start': 291, 'end': 304}, {'entity_group': 'LABEL_0', 'score': np.float32(0.9997792), 'word': ' PMU is the sole beneficiary.', 'start': 304, 'end': 333}]"
It is true that a comparison between the revenue of the Belgian PMU in France and that which it would have received if the same bets had been taken in Belgium cannot be regarded per se as sufficient to justify the conclusion that there was no treatment favouring the Belgian PMU.,prem,"[{'entity_group': 'LABEL_0', 'score': np.float32(0.9660468), 'word': 'It is true that a comparison between', 'start': 0, 'end': 36}, {'entity_group': 'LABEL_1', 'score': np.float32(0.96565205), 'word': ' the', 'start': 36, 'end': 40}, {'entity_group': 'LABEL_0', 'score': np.float32(0.99958175), 'word': ' revenue', 'start': 40, 'end': 48}, {'entity_group': 'LABEL_1', 'score': np.float32(0.96304244), 'word': ' of the Belgian', 'start': 48, 'end': 63}, {'entity_group': 'LABEL_0', 'score': np.float32(0.9966895), 'word': ' PMU in France and that which', 'start': 63, 'end': 92}, {'entity_group': 'LABEL_1', 'score': np.float32(0.522762), 'word': ' it', 'start': 92, 'end': 95}, {'entity_group': 'LABEL_0', 'score': np.float32(0.9499095), 'word': ' would have received if the', 'start': 95, 'end': 122}, {'entity_group': 'LABEL_1', 'score': np.float32(0.9648888), 'word': ' same', 'start': 122, 'end': 127}, {'entity_group': 'LABEL_0', 'score': np.float32(0.9842405), 'word': ' bets had been taken in Belgium cannot be regarded per se as', 'start': 127, 'end': 187}, {'entity_group': 'LABEL_1', 'score': np.float32(0.9998363), 'word': ' sufficient', 'start': 187, 'end': 198}, {'entity_group': 'LABEL_0', 'score': np.float32(0.9955085), 'word': ' to justify the conclusion that there was no treatment favouring the Belgian PMU.', 'start': 198, 'end': 279}]"
"In paragraphs 61 to 63 of the contested judgment, however, the Court of First Instance examined Ladbroke's argument that the levy on Belgian races should be treated in the same way as the levy on bets on French races accruing to the PMU.",prem,"[{'entity_group': 'LABEL_1', 'score': np.float32(0.9547153), 'word': 'In', 'start': 0, 'end': 2}, {'entity_group': 'LABEL_0', 'score': np.float32(0.91001576), 'word': ' paragraphs 61 to 63 of the contested judgment,', 'start': 2, 'end': 49}, {'entity_group': 'LABEL_1', 'score': np.float32(0.99337864), 'word': ' however', 'start': 49, 'end': 57}, {'entity_group': 'LABEL_0', 'score': np.float32(0.98372835), 'word': ', the', 'start': 57, 'end': 62}, {'entity_group': 'LABEL_1', 'score': np.float32(0.99999976), 'word': ' Court', 'start': 62, 'end': 68}, {'entity_group': 'LABEL_0', 'score': np.float32(0.954913), 'word': ' of', 'start': 68, 'end': 71}, {'entity_group': 'LABEL_1', 'score': np.float32(0.9493394), 'word': ' First Instance', 'start': 71, 'end': 86}, {'entity_group': 'LABEL_0', 'score': np.float32(0.5871379), 'word': ' examined', 'start': 86, 'end': 95}, {'entity_group': 'LABEL_1', 'score': np.float32(0.64326996), 'word': ' Lad', 'start': 95, 'end': 99}, {'entity_group': 'LABEL_0', 'score': np.float32(0.9981816), 'word': 'broke', 'start': 99, 'end': 104}, {'entity_group': 'LABEL_1', 'score': np.float32(0.54187053), 'word': ""'"", 'start': 104, 'end': 105}, {'entity_group': 'LABEL_0', 'score': np.float32(0.9964413), 'word': 's argument', 'start': 105, 'end': 115}, {'entity_group': 'LABEL_1', 'score': np.float32(0.93922573), 'word': ' that', 'start': 115, 'end': 120}, {'entity_group': 'LABEL_0', 'score': np.float32(0.8094502), 'word': ' the levy on', 'start': 120, 'end': 132}, {'entity_group': 'LABEL_1', 'score': np.float32(0.9907669), 'word': ' Belgian races', 'start': 132, 'end': 146}, {'entity_group': 'LABEL_0', 'score': np.float32(0.8559939), 'word': ' should be treated', 'start': 146, 'end': 164}, {'entity_group': 'LABEL_1', 'score': np.float32(0.7894546), 'word': ' in the', 'start': 164, 'end': 171}, {'entity_group': 'LABEL_0', 'score': np.float32(0.9751862), 'word': ' same way as the levy on bets', 'start': 171, 'end': 200}, {'entity_group': 'LABEL_1', 'score': np.float32(0.97300625), 'word': ' on French', 'start': 200, 'end': 210}, {'entity_group': 'LABEL_0', 'score': np.float32(0.9631196), 'word': ' races accruing to the PMU.', 'start': 210, 'end': 237}]"
Ladbroke's argument disregards the specific nature of bets on Belgian races and what differentiates them from bets on French races.,prem,"[{'entity_group': 'LABEL_0', 'score': np.float32(0.92696494), 'word': ""Ladbroke's argument"", 'start': 0, 'end': 19}, {'entity_group': 'LABEL_1', 'score': np.float32(0.7530809), 'word': ' dis', 'start': 19, 'end': 23}, {'entity_group': 'LABEL_0', 'score': np.float32(0.9579767), 'word': 'regards the', 'start': 23, 'end': 34}, {'entity_group': 'LABEL_1', 'score': np.float32(0.9839714), 'word': ' specific', 'start': 34, 'end': 43}, {'entity_group': 'LABEL_0', 'score': np.float32(0.9997907), 'word': ' nature', 'start': 43, 'end': 50}, {'entity_group': 'LABEL_1', 'score': np.float32(0.96884906), 'word': ' of', 'start': 50, 'end': 53}, {'entity_group': 'LABEL_0', 'score': np.float32(0.9999312), 'word': ' bets', 'start': 53, 'end': 58}, {'entity_group': 'LABEL_1', 'score': np.float32(0.990195), 'word': ' on', 'start': 58, 'end': 61}, {'entity_group': 'LABEL_0', 'score': np.float32(0.93720025), 'word': ' Belgian races and what differentiates them from bets on French races.', 'start': 61, 'end': 131}]"
"Since the two categories of bet are not identical, the existence of an advantage for the purposes of Article 92(1) of the Treaty cannot be deduced automatically from the difference of treatment to which they are subject.",prem,"[{'entity_group': 'LABEL_0', 'score': np.float32(0.9963354), 'word': 'Since', 'start': 0, 'end': 5}, {'entity_group': 'LABEL_1', 'score': np.float32(0.97728366), 'word': ' the', 'start': 5, 'end': 9}, {'entity_group': 'LABEL_0', 'score': np.float32(0.9980898), 'word': ' two categories of bet', 'start': 9, 'end': 31}, {'entity_group': 'LABEL_1', 'score': np.float32(0.9418168), 'word': ' are not', 'start': 31, 'end': 39}, {'entity_group': 'LABEL_0', 'score': np.float32(0.99996006), 'word': ' identical', 'start': 39, 'end': 49}, {'entity_group': 'LABEL_1', 'score': np.float32(0.9090491), 'word': ',', 'start': 49, 'end': 50}, {'entity_group': 'LABEL_0', 'score': np.float32(0.99354196), 'word': ' the existence of an', 'start': 50, 'end': 70}, {'entity_group': 'LABEL_1', 'score': np.float32(0.802395), 'word': ' advantage', 'start': 70, 'end': 80}, {'entity_group': 'LABEL_0', 'score': np.float32(0.99428874), 'word': ' for the purposes of Article', 'start': 80, 'end': 108}, {'entity_group': 'LABEL_1', 'score': np.float32(0.96513844), 'word': ' ', 'start': 108, 'end': 109}, {'entity_group': 'LABEL_0', 'score': np.float32(0.93873197), 'word': '92(1)', 'start': 109, 'end': 114}, {'entity_group': 'LABEL_1', 'score': np.float32(0.69476074), 'word': ' of the', 'start': 114, 'end': 121}, {'entity_group': 'LABEL_0', 'score': np.float32(0.99624074), 'word': ' Treaty', 'start': 121, 'end': 128}, {'entity_group': 'LABEL_1', 'score': np.float32(0.5855589), 'word': ' cannot be', 'start': 128, 'end': 138}, {'entity_group': 'LABEL_0', 'score': np.float32(0.9999999), 'word': ' deduced automatically', 'start': 138, 'end': 160}, {'entity_group': 'LABEL_1', 'score': np.float32(0.926014), 'word': ' from', 'start': 160, 'end': 165}, {'entity_group': 'LABEL_0', 'score': np.float32(0.90730965), 'word': ' the difference of treatment to which they are subject.', 'start': 165, 'end': 220}]"
"In totalizator betting the stakes constitute a common pool which, after various levies, is distributed amongst the winners equally, whatever the origin of the bets.",prem,"[{'entity_group': 'LABEL_1', 'score': np.float32(0.9547148), 'word': 'In', 'start': 0, 'end': 2}, {'entity_group': 'LABEL_0', 'score': np.float32(0.9743318), 'word': ' totalizator betting the stakes constitute a common pool which, after various levies, is distributed amongst the winners equally, whatever the origin of the bets', 'start': 2, 'end': 163}, {'entity_group': 'LABEL_1', 'score': np.float32(0.9577073), 'word': '.', 'start': 163, 'end': 164}]"
The share of the stakes paid out to the winners thus cannot vary according to the State in which the bets were placed.,prem,"[{'entity_group': 'LABEL_1', 'score': np.float32(0.997022), 'word': 'The', 'start': 0, 'end': 3}, {'entity_group': 'LABEL_0', 'score': np.float32(0.93122697), 'word': ' share of', 'start': 3, 'end': 12}, {'entity_group': 'LABEL_1', 'score': np.float32(0.5439415), 'word': ' the', 'start': 12, 'end': 16}, {'entity_group': 'LABEL_0', 'score': np.float32(0.99791676), 'word': ' stakes paid', 'start': 16, 'end': 28}, {'entity_group': 'LABEL_1', 'score': np.float32(0.5081572), 'word': ' out', 'start': 28, 'end': 32}, {'entity_group': 'LABEL_0', 'score': np.float32(0.86829835), 'word': ' to', 'start': 32, 'end': 35}, {'entity_group': 'LABEL_1', 'score': np.float32(0.99963236), 'word': ' the', 'start': 35, 'end': 39}, {'entity_group': 'LABEL_0', 'score': np.float32(0.9723162), 'word': ' winners thus cannot vary according to the State in which the bets were placed.', 'start': 39, 'end': 118}]"
The proper functioning of such a system can therefore be ensured only if the rate at which any levies which may be imposed on the bets laid on a horse-race is that of the State in which the the race is run.,prem,"[{'entity_group': 'LABEL_1', 'score': np.float32(0.9982505), 'word': 'The proper', 'start': 0, 'end': 10}, {'entity_group': 'LABEL_0', 'score': np.float32(0.9594481), 'word': ' functioning of such a system can', 'start': 10, 'end': 43}, {'entity_group': 'LABEL_1', 'score': np.float32(0.87421423), 'word': ' therefore be', 'start': 43, 'end': 56}, {'entity_group': 'LABEL_0', 'score': np.float32(0.9908928), 'word': ' ensured only if the rate at which', 'start': 56, 'end': 90}, {'entity_group': 'LABEL_1', 'score': np.float32(0.98114955), 'word': ' any', 'start': 90, 'end': 94}, {'entity_group': 'LABEL_0', 'score': np.float32(0.9636215), 'word': ' levies which may be imposed', 'start': 94, 'end': 122}, {'entity_group': 'LABEL_1', 'score': np.float32(0.99970466), 'word': ' on the', 'start': 122, 'end': 129}, {'entity_group': 'LABEL_0', 'score': np.float32(0.99551094), 'word': ' bets laid', 'start': 129, 'end': 139}, {'entity_group': 'LABEL_1', 'score': np.float32(0.76502484), 'word': ' on', 'start': 139, 'end': 142}, {'entity_group': 'LABEL_0', 'score': np.float32(0.96656924), 'word': ' a horse-race is that of the State in which the the race is run.', 'start': 142, 'end': 206}]"
"Furthermore, the system of statutory and fiscal retentions on bets on French horse-races was adopted in the light of the specific regulatory and economic conditions prevailing with regard to horse-racing and totalizator betting in France.",prem,"[{'entity_group': 'LABEL_0', 'score': np.float32(0.9184318), 'word': 'Furthermore, the system', 'start': 0, 'end': 23}, {'entity_group': 'LABEL_1', 'score': np.float32(0.8785912), 'word': ' of statutory', 'start': 23, 'end': 36}, {'entity_group': 'LABEL_0', 'score': np.float32(0.94096184), 'word': ' and fiscal reten', 'start': 36, 'end': 53}, {'entity_group': 'LABEL_1', 'score': np.float32(0.86410403), 'word': 'tions', 'start': 53, 'end': 58}, {'entity_group': 'LABEL_0', 'score': np.float32(0.8691364), 'word': ' on bets', 'start': 58, 'end': 66}, {'entity_group': 'LABEL_1', 'score': np.float32(0.9705683), 'word': ' on French', 'start': 66, 'end': 76}, {'entity_group': 'LABEL_0', 'score': np.float32(0.96045685), 'word': ' horse-races', 'start': 76, 'end': 88}, {'entity_group': 'LABEL_1', 'score': np.float32(0.9999995), 'word': ' was', 'start': 88, 'end': 92}, {'entity_group': 'LABEL_0', 'score': np.float32(0.99264574), 'word': ' adopted in the light', 'start': 92, 'end': 113}, {'entity_group': 'LABEL_1', 'score': np.float32(0.7854285), 'word': ' of the', 'start': 113, 'end': 120}, {'entity_group': 'LABEL_0', 'score': np.float32(0.95218754), 'word': ' specific regulatory and economic conditions prevailing with regard to horse-racing and totalizator betting in France', 'start': 120, 'end': 237}, {'entity_group': 'LABEL_1', 'score': np.float32(0.50338906), 'word': '.', 'start': 237, 'end': 238}]"
"There can be no requirement to transpose that system to totalizator betting on Belgian horse-races, which are organized under different regulatory and economic conditions.",prem,"[{'entity_group': 'LABEL_1', 'score': np.float32(0.741179), 'word': 'There', 'start': 0, 'end': 5}, {'entity_group': 'LABEL_0', 'score': np.float32(0.9796351), 'word': ' can be no requirement to transpose that system to', 'start': 5, 'end': 55}, {'entity_group': 'LABEL_1', 'score': np.float32(0.9796475), 'word': ' total', 'start': 55, 'end': 61}, {'entity_group': 'LABEL_0', 'score': np.float32(0.9971066), 'word': 'izator betting on Belgian horse-races, which are organized', 'start': 61, 'end': 119}, {'entity_group': 'LABEL_1', 'score': np.float32(0.81470597), 'word': ' under different regulatory and', 'start': 119, 'end': 150}, {'entity_group': 'LABEL_0', 'score': np.float32(0.999293), 'word': ' economic conditions.', 'start': 150, 'end': 171}]"
"Moreover, since the levy rates in France and Belgium differ and the application of Belgian rates to bets placed in France is justified for reasons relating to the logic of the totalizator betting system referred to in paragraph 34 of this judgment, that levy cannot, in any event, be shared out between the various recipients on exactly the same basis in the two cases.",prem,"[{'entity_group': 'LABEL_0', 'score': np.float32(0.8501246), 'word': 'Moreover, since', 'start': 0, 'end': 15}, {'entity_group': 'LABEL_1', 'score': np.float32(0.76237), 'word': ' the', 'start': 15, 'end': 19}, {'entity_group': 'LABEL_0', 'score': np.float32(0.761426), 'word': ' levy rates', 'start': 19, 'end': 30}, {'entity_group': 'LABEL_1', 'score': np.float32(0.99949336), 'word': ' in', 'start': 30, 'end': 33}, {'entity_group': 'LABEL_0', 'score': np.float32(0.93523943), 'word': ' France and Belgium differ and', 'start': 33, 'end': 63}, {'entity_group': 'LABEL_1', 'score': np.float32(0.8172135), 'word': ' the', 'start': 63, 'end': 67}, {'entity_group': 'LABEL_0', 'score': np.float32(0.8879076), 'word': ' application of', 'start': 67, 'end': 82}, {'entity_group': 'LABEL_1', 'score': np.float32(0.80823857), 'word': ' Belgian', 'start': 82, 'end': 90}, {'entity_group': 'LABEL_0', 'score': np.float32(0.957442), 'word': ' rates to bets placed in France is justified for reasons', 'start': 90, 'end': 146}, {'entity_group': 'LABEL_1', 'score': np.float32(0.9939872), 'word': ' relating', 'start': 146, 'end': 155}, {'entity_group': 'LABEL_0', 'score': np.float32(0.999773), 'word': ' to the logic', 'start': 155, 'end': 168}, {'entity_group': 'LABEL_1', 'score': np.float32(0.8806381), 'word': ' of', 'start': 168, 'end': 171}, {'entity_group': 'LABEL_0', 'score': np.float32(0.98034716), 'word': ' the totalizator betting system referred to', 'start': 171, 'end': 214}, {'entity_group': 'LABEL_1', 'score': np.float32(0.99977726), 'word': ' in', 'start': 214, 'end': 217}, {'entity_group': 'LABEL_0', 'score': np.float32(0.99999225), 'word': ' paragraph', 'start': 217, 'end': 227}, {'entity_group': 'LABEL_1', 'score': np.float32(0.91055304), 'word': ' ', 'start': 227, 'end': 228}, {'entity_group': 'LABEL_0', 'score': np.float32(0.9980743), 'word': '34', 'start': 228, 'end': 230}, {'entity_group': 'LABEL_1', 'score': np.float32(0.51516175), 'word': ' of', 'start': 230, 'end': 233}, {'entity_group': 'LABEL_0', 'score': np.float32(0.9809672), 'word': ' this judgment, that levy', 'start': 233, 'end': 258}, {'entity_group': 'LABEL_1', 'score': np.float32(0.5987646), 'word': ' cannot', 'start': 258, 'end': 265}, {'entity_group': 'LABEL_0', 'score': np.float32(0.9999502), 'word': ',', 'start': 265, 'end': 266}, {'entity_group': 'LABEL_1', 'score': np.float32(0.7051207), 'word': ' in any', 'start': 266, 'end': 273}, {'entity_group': 'LABEL_0', 'score': np.float32(0.999937), 'word': ' event,', 'start': 273, 'end': 280}, {'entity_group': 'LABEL_1', 'score': np.float32(0.999632), 'word': ' be', 'start': 280, 'end': 283}, {'entity_group': 'LABEL_0', 'score': np.float32(0.96203697), 'word': ' shared out between the various recipients on exactly the same basis in the two cases.', 'start': 283, 'end': 369}]"
"The French legislature therefore cannot be criticised for having treated bets on French races differently from bets on foreign races by providing, in Article 15(3) of Law No 64-1279, that bets on horse-races abroad were to be subject to the statutory and fiscal retentions in force in the country where the races are organized.",prem,"[{'entity_group': 'LABEL_1', 'score': np.float32(0.99736136), 'word': 'The French', 'start': 0, 'end': 10}, {'entity_group': 'LABEL_0', 'score': np.float32(0.9744172), 'word': ' legislature therefore cannot', 'start': 10, 'end': 39}, {'entity_group': 'LABEL_1', 'score': np.float32(0.92063296), 'word': ' be', 'start': 39, 'end': 42}, {'entity_group': 'LABEL_0', 'score': np.float32(0.9967354), 'word': ' criticised for having treated bets', 'start': 42, 'end': 77}, {'entity_group': 'LABEL_1', 'score': np.float32(0.97646445), 'word': ' on French', 'start': 77, 'end': 87}, {'entity_group': 'LABEL_0', 'score': np.float32(0.9911147), 'word': ' races differently from bets on foreign races', 'start': 87, 'end': 132}, {'entity_group': 'LABEL_1', 'score': np.float32(0.7975724), 'word': ' by', 'start': 132, 'end': 135}, {'entity_group': 'LABEL_0', 'score': np.float32(0.99989855), 'word': ' providing,', 'start': 135, 'end': 146}, {'entity_group': 'LABEL_1', 'score': np.float32(0.7469783), 'word': ' in', 'start': 146, 'end': 149}, {'entity_group': 'LABEL_0', 'score': np.float32(0.92073077), 'word': ' Article 15(3', 'start': 149, 'end': 162}, {'entity_group': 'LABEL_1', 'score': np.float32(0.89871955), 'word': ') of Law', 'start': 162, 'end': 170}, {'entity_group': 'LABEL_0', 'score': np.float32(0.9996366), 'word': ' No 64', 'start': 170, 'end': 176}, {'entity_group': 'LABEL_1', 'score': np.float32(0.9844401), 'word': '-', 'start': 176, 'end': 177}, {'entity_group': 'LABEL_0', 'score': np.float32(0.9913544), 'word': '1279, that', 'start': 177, 'end': 187}, {'entity_group': 'LABEL_1', 'score': np.float32(0.9900775), 'word': ' bets', 'start': 187, 'end': 192}, {'entity_group': 'LABEL_0', 'score': np.float32(0.9532469), 'word': ' on horse-races abroad', 'start': 192, 'end': 214}, {'entity_group': 'LABEL_1', 'score': np.float32(0.8503681), 'word': ' were', 'start': 214, 'end': 219}, {'entity_group': 'LABEL_0', 'score': np.float32(0.98162085), 'word': ' to be subject', 'start': 219, 'end': 233}, {'entity_group': 'LABEL_1', 'score': np.float32(0.97953117), 'word': ' to the statutory and fiscal', 'start': 233, 'end': 261}, {'entity_group': 'LABEL_0', 'score': np.float32(0.67412645), 'word': ' reten', 'start': 261, 'end': 267}, {'entity_group': 'LABEL_1', 'score': np.float32(0.9968873), 'word': 'tions in', 'start': 267, 'end': 275}, {'entity_group': 'LABEL_0', 'score': np.float32(0.95199436), 'word': ' force', 'start': 275, 'end': 281}, {'entity_group': 'LABEL_1', 'score': np.float32(0.9308026), 'word': ' in', 'start': 281, 'end': 284}, {'entity_group': 'LABEL_0', 'score': np.float32(0.99550754), 'word': ' the country where the', 'start': 284, 'end': 306}, {'entity_group': 'LABEL_1', 'score': np.float32(0.8762555), 'word': ' races', 'start': 306, 'end': 312}, {'entity_group': 'LABEL_0', 'score': np.float32(0.9858846), 'word': ' are organized', 'start': 312, 'end': 326}, {'entity_group': 'LABEL_1', 'score': np.float32(0.67807305), 'word': '.', 'start': 326, 'end': 327}]"
"Accordingly the Court of First Instance was entitled to hold, in paragraph 63 of the contested judgment, that it was not possible to accept Ladbroke's argument that the way in which stakes on Belgian races were treated, which allegedly produced the advantage to the Belgian PMU complained of, should be the same as the way in which the levy accruing to the PMU was treated.",prem,"[{'entity_group': 'LABEL_0', 'score': np.float32(0.96375436), 'word': 'Accordingly the', 'start': 0, 'end': 15}, {'entity_group': 'LABEL_1', 'score': np.float32(0.66448724), 'word': ' Court', 'start': 15, 'end': 21}, {'entity_group': 'LABEL_0', 'score': np.float32(0.9971052), 'word': ' of First Instance was entitled to hold, in paragraph 63 of', 'start': 21, 'end': 80}, {'entity_group': 'LABEL_1', 'score': np.float32(0.8650273), 'word': ' the contested', 'start': 80, 'end': 94}, {'entity_group': 'LABEL_0', 'score': np.float32(0.9994925), 'word': ' judgment', 'start': 94, 'end': 103}, {'entity_group': 'LABEL_1', 'score': np.float32(0.99978775), 'word': ',', 'start': 103, 'end': 104}, {'entity_group': 'LABEL_0', 'score': np.float32(0.96489215), 'word': ' that it was not possible to accept Ladbroke', 'start': 104, 'end': 148}, {'entity_group': 'LABEL_1', 'score': np.float32(0.56602216), 'word': ""'"", 'start': 148, 'end': 149}, {'entity_group': 'LABEL_0', 'score': np.float32(0.95957565), 'word': 's argument that the way in', 'start': 149, 'end': 175}, {'entity_group': 'LABEL_1', 'score': np.float32(0.9938393), 'word': ' which', 'start': 175, 'end': 181}, {'entity_group': 'LABEL_0', 'score': np.float32(0.9929409), 'word': ' stakes on Belgian races were treated, which allegedly produced the advantage to the Belgian PMU complained of', 'start': 181, 'end': 291}, {'entity_group': 'LABEL_1', 'score': np.float32(0.84033275), 'word': ',', 'start': 291, 'end': 292}, {'entity_group': 'LABEL_0', 'score': np.float32(0.95336056), 'word': ' should be the same as the way in which the levy accruing to the PMU', 'start': 292, 'end': 360}, {'entity_group': 'LABEL_1', 'score': np.float32(0.52184266), 'word': ' was', 'start': 360, 'end': 364}, {'entity_group': 'LABEL_0', 'score': np.float32(0.99635684), 'word': ' treated.', 'start': 364, 'end': 373}]"
"Furthermore, that conclusion is not affected by the fact that the general system governing bets on horse-races abroad has hitherto been applied only to bets on horse-races organized in Belgium.",prem,"[{'entity_group': 'LABEL_0', 'score': np.float32(0.9912991), 'word': 'Furthermore, that conclusion', 'start': 0, 'end': 28}, {'entity_group': 'LABEL_1', 'score': np.float32(0.5981028), 'word': ' is', 'start': 28, 'end': 31}, {'entity_group': 'LABEL_0', 'score': np.float32(0.91908413), 'word': ' not affected by', 'start': 31, 'end': 47}, {'entity_group': 'LABEL_1', 'score': np.float32(0.8277153), 'word': ' the', 'start': 47, 'end': 51}, {'entity_group': 'LABEL_0', 'score': np.float32(0.99959177), 'word': ' fact', 'start': 51, 'end': 56}, {'entity_group': 'LABEL_1', 'score': np.float32(0.8399715), 'word': ' that the', 'start': 56, 'end': 65}, {'entity_group': 'LABEL_0', 'score': np.float32(0.7719867), 'word': ' general system', 'start': 65, 'end': 80}, {'entity_group': 'LABEL_1', 'score': np.float32(0.98719066), 'word': ' governing', 'start': 80, 'end': 90}, {'entity_group': 'LABEL_0', 'score': np.float32(0.9255665), 'word': ' bets', 'start': 90, 'end': 95}, {'entity_group': 'LABEL_1', 'score': np.float32(0.9992151), 'word': ' on', 'start': 95, 'end': 98}, {'entity_group': 'LABEL_0', 'score': np.float32(0.9257436), 'word': ' horse-races abroad has hitherto', 'start': 98, 'end': 130}, {'entity_group': 'LABEL_1', 'score': np.float32(0.50176066), 'word': ' been', 'start': 130, 'end': 135}, {'entity_group': 'LABEL_0', 'score': np.float32(0.94897956), 'word': ' applied', 'start': 135, 'end': 143}, {'entity_group': 'LABEL_1', 'score': np.float32(0.9972045), 'word': ' only', 'start': 143, 'end': 148}, {'entity_group': 'LABEL_0', 'score': np.float32(0.99965334), 'word': ' to', 'start': 148, 'end': 151}, {'entity_group': 'LABEL_1', 'score': np.float32(0.8139292), 'word': ' bets', 'start': 151, 'end': 156}, {'entity_group': 'LABEL_0', 'score': np.float32(0.92753494), 'word': ' on horse-races organized in Belgium.', 'start': 156, 'end': 193}]"
"Article 15(3) of Law No 64-1279, which provides that the socits de courses authorized to organize off-course totalizator betting may be empowered to collect bets placed in France on foreign races, existed well before Decree No 91-118 was adopted and the contested agreement entered into, and both the latter follow the general system established by that provision.",prem,"[{'entity_group': 'LABEL_0', 'score': np.float32(0.9587029), 'word': 'Article 15(3) of Law No 64-1279, which', 'start': 0, 'end': 38}, {'entity_group': 'LABEL_1', 'score': np.float32(0.9238021), 'word': ' provides that the', 'start': 38, 'end': 56}, {'entity_group': 'LABEL_0', 'score': np.float32(0.9966663), 'word': ' socits de', 'start': 56, 'end': 68}, {'entity_group': 'LABEL_1', 'score': np.float32(0.9311598), 'word': ' courses', 'start': 68, 'end': 76}, {'entity_group': 'LABEL_0', 'score': np.float32(0.9660934), 'word': ' authorized to', 'start': 76, 'end': 90}, {'entity_group': 'LABEL_1', 'score': np.float32(0.84060764), 'word': ' organize off-', 'start': 90, 'end': 104}, {'entity_group': 'LABEL_0', 'score': np.float32(0.9306567), 'word': 'course total', 'start': 104, 'end': 116}, {'entity_group': 'LABEL_1', 'score': np.float32(0.86020106), 'word': 'izator betting', 'start': 116, 'end': 130}, {'entity_group': 'LABEL_0', 'score': np.float32(0.95278084), 'word': ' may be empowered to collect bets placed in France on foreign races, existed well', 'start': 130, 'end': 211}, {'entity_group': 'LABEL_1', 'score': np.float32(0.98440385), 'word': ' before', 'start': 211, 'end': 218}, {'entity_group': 'LABEL_0', 'score': np.float32(0.9920866), 'word': ' Decree No 91-118 was adopted and the contested agreement entered into, and both the latter follow', 'start': 218, 'end': 316}, {'entity_group': 'LABEL_1', 'score': np.float32(0.89634347), 'word': ' the general', 'start': 316, 'end': 328}, {'entity_group': 'LABEL_0', 'score': np.float32(0.97645545), 'word': ' system established by that provision.', 'start': 328, 'end': 366}]"
"In the light of the foregoing, the appeal must be dismissed.",conc,"[{'entity_group': 'LABEL_1', 'score': np.float32(0.9547148), 'word': 'In', 'start': 0, 'end': 2}, {'entity_group': 'LABEL_0', 'score': np.float32(0.99852264), 'word': ' the light', 'start': 2, 'end': 12}, {'entity_group': 'LABEL_1', 'score': np.float32(0.9054636), 'word': ' of the', 'start': 12, 'end': 19}, {'entity_group': 'LABEL_0', 'score': np.float32(0.99983966), 'word': ' foregoing', 'start': 19, 'end': 29}, {'entity_group': 'LABEL_1', 'score': np.float32(0.6571656), 'word': ',', 'start': 29, 'end': 30}, {'entity_group': 'LABEL_0', 'score': np.float32(0.9722569), 'word': ' the appeal', 'start': 30, 'end': 41}, {'entity_group': 'LABEL_1', 'score': np.float32(0.9115165), 'word': ' must', 'start': 41, 'end': 46}, {'entity_group': 'LABEL_0', 'score': np.float32(0.99991935), 'word': ' be dismissed.', 'start': 46, 'end': 60}]"
